课程号,课程,班级,教室,教师,时间
1,高级语言程序设计1,2021计科1班公费,崇师C102,范雪琴,Tes 15:00 - 17:00
2,高级语言程序设计(实),2021计科1班公费,崇师C306,范雪琴,Wed 9:00 - 11:00
3,高级语言程序设计2,2021计科1班公费,理工一429,范雪琴,Thu 13:00 - 15:00
4,计算机导论,2021计科1班公费,崇师B415,孙鹏飞,Fri 13:00 - 15:00
5,计算机导论(实),2021计科1班公费,崇师B415,孙鹏飞,Mon 15:00 - 17:00
6,高级语言程序设计1,2021计科2班行知班,理工一411,于延,Wed 9:00 - 11:00
7,高级语言程序设计(实),2021计科2班行知班,理工一133,于延,Fri 13:00 - 15:00
8,高级语言程序设计2,2021计科2班行知班,理工一523,于延,Thu 9:00 - 11:00
9,计算机导论,2021计科2班行知班,崇师C105,孙鹏飞,Tes 13:00 - 15:00
10,计算机导论(实),2021计科2班行知班,体育楼211,孙鹏飞,Thu 13:00 - 15:00
11,高级语言程序设计1,2021计科34班,崇师D502,李红宇,Fri 13:00 - 15:00
12,高级语言程序设计(实),2021计科34班,理工一519,李红宇,Thu 15:00 - 17:00
13,高级语言程序设计2,2021计科34班,理工一123,李红宇,Thu 9:00 - 11:00
14,计算机导论,2021计科34班,崇师C101,张广玲,Tes 13:00 - 15:00
15,计算机导论(实),2021计科34班,理工一126,张广玲,Tes 9:00 - 11:00
16,软件工程专业导论,2021软件工程12班,理工一523,付伟,Wed 11:00 - 13:00
17,软件工程专业导论(实),2021软件工程12班,理工一523,付伟,Tes 9:00 - 11:00
18,高级语言程序设计1,2021软件工程12班,体育楼211,李志聪,Fri 13:00 - 15:00
19,高级语言程序设计(实),2021软件工程12班,理工一121,李志聪,Mon 9:00 - 11:00
20,高级语言程序设计2,2021软件工程12班,理工一521,李志聪,Fri 15:00 - 17:00
21,软件工程专业导论,2021软件工程34班,理工一126,付伟,Tes 13:00 - 15:00
22,软件工程专业导论(实),2021软件工程34班,崇师D502,付伟,Mon 9:00 - 11:00
23,高级语言程序设计1,2021软件工程34班,崇师C105,李志聪,Wed 11:00 - 13:00
24,高级语言程序设计(实),2021软件工程34班,崇师B415,李志聪,Wed 9:00 - 11:00
25,高级语言程序设计2,2021软件工程34班,理工一119,李志聪,Tes 11:00 - 13:00
26,高级语言程序设计1,2021数媒专业,崇师C103,赵微,Fri 11:00 - 13:00
27,高级语言程序设计(实),2021数媒专业,体育楼309,赵微,Tes 13:00 - 15:00
28,高级语言程序设计2,2021数媒专业,崇师C306,赵微,Thu 13:00 - 15:00
29,游戏概论,2021数媒专业,崇师C103,周国辉,Thu 9:00 - 11:00
30,游戏文化与鉴赏,2021数媒专业,理工一431,赵丽,Mon 15:00 - 17:00
31,游戏文化与鉴赏(实),2021数媒专业,理工一411,赵丽,Thu 15:00 - 17:00
32,高级语言程序设计1,2021物联网工程,体育楼305,姚艳雪,Fri 13:00 - 15:00
33,高级语言程序设计(实),2021物联网工程,理工一119,姚艳雪,Tes 13:00 - 15:00
34,高级语言程序设计2,2021物联网工程,崇师C104,姚艳雪,Thu 13:00 - 15:00
35,物联网工程导论,2021物联网工程,崇师C102,李世明,Tes 9:00 - 11:00
36,物联网工程导论(实),2021物联网工程,体育楼211,李世明,Mon 11:00 - 13:00
37,高级语言程序设计1,2021大数据1班,理工一431,黄玉妍,Tes 13:00 - 15:00
38,高级语言程序设计(实),2021大数据1班,理工一121,黄玉妍,Wed 9:00 - 11:00
39,高级语言程序设计2,2021大数据1班,理工一411,黄玉妍,Tes 15:00 - 17:00
40,数据结构,2020计科1班公费,崇师C104,常晓娟,Thu 15:00 - 17:00
41,人工智能导论,2020计科1班公费,体育楼209,朱海龙,Fri 9:00 - 11:00
42,计算机辅助教学,2020计科1班公费,崇师C102,刘玉喜,Wed 9:00 - 11:00
43,数据结构,2020计科1班公费,理工一119,常晓娟,Tes 9:00 - 11:00
44,Python程序设计,2020计科1班公费,崇师C102,贺维,Fri 15:00 - 17:00
45,web程序设计与框架应用(单)Python程序设计(双),2020计科1班公费,崇师B415,贺维,Mon 13:00 - 15:00
46,人工智能导论1-8web程序设计与框架应用9-16,2020计科1班公费,理工一523,房益龙,Thu 13:00 - 15:00
47,数据结构,2020计科2班,体育楼307,常晓娟,Wed 9:00 - 11:00
48,人工智能导论,2020计科2班,理工一119,朱海龙,Thu 15:00 - 17:00
49,人工智能导论（实）,2020计科2班,理工一523,朱海龙,Fri 15:00 - 17:00
50,计算机辅助教学,2020计科2班,崇师D502,刘玉喜,Thu 13:00 - 15:00
51,数据结构,2020计科2班,体育楼309,常晓娟,Fri 11:00 - 13:00
52,Python程序设计1,2020计科2班,崇师C306,贺维,Thu 9:00 - 11:00
53,Python程序设计2,2020计科2班,崇师C105,贺维,Fri 9:00 - 11:00
54,web程序设计与框架应用,2020计科2班,理工一429,房益龙,Tes 9:00 - 11:00
55,web程序设计与框架应用(实),2020计科2班,崇师C101,房益龙,Mon 13:00 - 15:00
56,web程序设计,2020计科34班,理工一523,范雪琴,Fri 13:00 - 15:00
57,数据结构,2020计科34班,理工一117,魏洪伟,Thu 9:00 - 11:00
58,人工智能导论,2020计科34班,理工一126,朱晓,Mon 13:00 - 15:00
59,单片机原理与应用,2020计科34班,理工一123,穆全起,Thu 13:00 - 15:00
60,设计模式,2020计科34班,理工一123,李玉霞,Fri 9:00 - 11:00
61,数字逻辑,2020计科34班,理工一123,王洪侠,Fri 11:00 - 13:00
62,人工智能导论(实),2020计科34班,理工一117,朱晓,Thu 15:00 - 17:00
63,web程序设计,2020计科56班,理工一126,常晓娟,Fri 15:00 - 17:00
64,数据结构,2020计科56班,崇师C104,魏洪伟,Fri 9:00 - 11:00
65,人工智能导论,2020计科56班,崇师C103,朱晓,Thu 11:00 - 13:00
66,单片机原理与应用,2020计科56班,理工一121,穆全起,Tes 9:00 - 11:00
67,设计模式,2020计科56班,理工一431,李玉霞,Fri 11:00 - 13:00
68,数字逻辑,2020计科56班,理工一126,王洪侠,Fri 13:00 - 15:00
69,人工智能导论(实),2020计科56班,体育楼305,朱晓,Wed 9:00 - 11:00
70,Python程序设计,2020软件工程12班,理工一121,贺维,Fri 13:00 - 15:00
71,软件需求分析,2020软件工程12班,崇师C105,丁云鸿,Mon 11:00 - 13:00
72,web程序设计,2020软件工程12班,理工一117,石哗琼,Fri 15:00 - 17:00
73,数据结构,2020软件工程12班,崇师C306,张明宇,Fri 11:00 - 13:00
74,web前端开发技术,2020软件工程12班,理工一117,林琳,Tes 9:00 - 11:00
75,web程序设计(实),2020软件工程12班,崇师C105,石哗琼,Mon 15:00 - 17:00
76,计算机系统基础,2020软件工程12班,理工一121,李晶,Thu 15:00 - 17:00
77,数据结构2,2020软件工程12班,理工一121,张明宇,Thu 11:00 - 13:00
78,计算机系统基础2,2020软件工程12班,理工一117,李晶,Mon 13:00 - 15:00
79,Python程序设计,2020软件工程34班,体育楼305,贺维,Thu 15:00 - 17:00
80,软件需求分析,2020软件工程34班,理工一117,丁云鸿,Thu 13:00 - 15:00
81,web程序设计,2020软件工程34班,崇师D502,石哗琼,Fri 11:00 - 13:00
82,数据结构,2020软件工程34班,崇师B616,张明宇,Wed 9:00 - 11:00
83,web前端开发技术,2020软件工程34班,崇师B616,林琳,Mon 15:00 - 17:00
84,计算机系统基础,2020软件工程34班,崇师C101,李晶,Fri 15:00 - 17:00
85,数据结构2,2020软件工程34班,体育楼307,张明宇,Mon 11:00 - 13:00
86,计算机系统基础2,2020软件工程34班,理工一519,李晶,Tes 13:00 - 15:00
87,计算机图形学,2020数媒,崇师C306,崔艳玲,Fri 13:00 - 15:00
88,影视特效制作|c方向5-7,游戏原画设计|c方向1,2020数媒,理工一521,宋岩风,Thu 13:00 - 15:00
89,影视特效制作|c方向5-7,游戏原画设计|c方向2,2020数媒,崇师C101,宋岩风,Thu 15:00 - 17:00
90,影视特效制作|c方向5-7,游戏原画设计|c方向3,2020数媒,体育楼211,宋岩风,Fri 11:00 - 13:00
91,影视特效制作|c方向5-7,游戏原画设计|c方向4,2020数媒,崇师C104,宋岩风,Fri 15:00 - 17:00
92,操作系统API事件,2020数媒,崇师C105,韩贤东,Mon 13:00 - 15:00
93,数据结构,2020数媒,崇师C101,邸佳奇,Mon 11:00 - 13:00
94,数据结构(实),2020数媒,理工一523,邸佳奇,Fri 9:00 - 11:00
95,影视特效制作|c方向5-7,三维动画制作技术|c方向1,2020数媒,理工一117,宋岩风,Wed 9:00 - 11:00
96,影视特效制作|c方向5-7,三维动画制作技术|c方向2,2020数媒,崇师B415,宋岩风,Tes 15:00 - 17:00
97,三维动画制作技术,2020数媒,理工一519,丁金凤,Mon 15:00 - 17:00
98,数据库系统原理,2020物联网工程,崇师C104,付宝君,Wed 9:00 - 11:00
99,数据结构,2020物联网工程,理工一119,周英,Mon 11:00 - 13:00
100,数字电子技术,2020物联网工程,理工一429,倪蕴涛,Thu 11:00 - 13:00
101,物联网专业英语,2020物联网工程,崇师C104,赵国生,Tes 15:00 - 17:00
102,Python语言,2020物联网工程,体育楼307,姜春茂,Fri 15:00 - 17:00
103,Python语言(实),2020物联网工程,理工一521,姜春茂,Thu 15:00 - 17:00
104,数据库应用与开发1班,2020物联网工程,崇师C101,付宝君,Tes 9:00 - 11:00
105,数据库应用与开发2班,2020物联网工程,体育楼209,付宝君,Fri 13:00 - 15:00
106,Python程序设计,020大数据1班,体育楼305,赵丽,Mon 11:00 - 13:00
107,数据结构,020大数据1班,崇师B616,黄玉妍,Fri 13:00 - 15:00
108,数字逻辑,020大数据1班,理工一133,季伟东,Tes 13:00 - 15:00
109,大数据原理与应用,020大数据1班,崇师B616,季伟东,Thu 13:00 - 15:00
110,数据库系统原理1-8&&web程序设计9-16,020大数据1班,体育楼305,李英梅,Fri 9:00 - 11:00
111,数据库系统原理,020大数据1班,理工一121,李英梅,Mon 15:00 - 17:00
112,数据结构2,020大数据1班,理工一126,黄玉妍,Thu 11:00 - 13:00
113,数字逻辑1-8web程序设计9-16,020大数据1班,崇师D502,赵丽,Tes 15:00 - 17:00
114,大数据原理与应用(实),020大数据1班,崇师C103,季伟东,Wed 9:00 - 11:00
115,计算机网络,2019计科1班,理工一519,王秀珍,Mon 11:00 - 13:00
116,编译原理,2019计科1班,体育楼211,李玉霞,Fri 15:00 - 17:00
117,操作系统,2019计科1班,理工一429,于丹,Wed 9:00 - 11:00
118,数据库设计与应用,2019计科1班,理工一429,刘月兰,Tes 13:00 - 15:00
119,信息技术课程标准与教材研究,2019计科1班,理工一133,宋耀文,Tes 15:00 - 17:00
120,智能教育工程项目设计1-8机器人教育9-16,2019计科1班,体育楼211,于延,Tes 11:00 - 13:00
121,信息技术课程标准与教材研究1-8&&计算机网络,2019计科1班,理工一521,王秀珍,Mon 15:00 - 17:00
122,智能教育工程项目设计1-8编译原理9-16,2019计科1班,崇师B415,朱海龙,Mon 9:00 - 11:00
123,操作系统,2019计科1班,崇师C102,于丹,Thu 15:00 - 17:00
124,数据库设计与应用,2019计科1班,理工一431,刘月兰,Mon 13:00 - 15:00
125,机器人教育,2019计科1班,崇师C105,于延,Thu 13:00 - 15:00
126,计算机网络,2019计科2班,崇师C104,王秀珍,Tes 13:00 - 15:00
127,编译原理,2019计科2班,理工一117,李玉霞,Mon 11:00 - 13:00
128,信息技术课程标准与教材研究,2019计科2班,崇师C101,宋耀文,Mon 9:00 - 11:00
129,操作系统,2019计科2班,理工一126,张军,Tes 11:00 - 13:00
130,智能教育工程项目设计,2019计科2班,理工一123,朱海龙,Wed 9:00 - 11:00
131,数据库设计与应用,2019计科2班,理工一119,刘月兰,Mon 15:00 - 17:00
132,智能教育工程项目设计1-8编译原理9-16,2019计科2班,理工一126,朱海龙,Thu 13:00 - 15:00
133,信息技术课程标准与教材研究1-8&&计算机网络,2019计科2班,理工一117,王秀珍,Wed 11:00 - 13:00
134,数据库设计与应用,2019计科2班,崇师C103,刘月兰,Fri 15:00 - 17:00
135,机器人教育,2019计科2班,理工一519,于延,Tes 15:00 - 17:00
136,编译原理,2019计科嵌入式,理工一521,朱晓,Mon 11:00 - 13:00
137,操作系统,2019计科嵌入式,崇师D502,于丹,Thu 9:00 - 11:00
138,C++程序设计,2019计科嵌入式,体育楼209,刘玉喜,Thu 15:00 - 17:00
139,ARM体系结构,2019计科嵌入式,崇师C101,张广玲,Tes 15:00 - 17:00
140,数据库设计与应用,2019计科嵌入式,理工一133,林琳,Wed 9:00 - 11:00
141,操作系统,2019计科嵌入式,体育楼309,于丹,Mon 15:00 - 17:00
142,计算机网络1-8编译原理9-16,2019计科嵌入式,理工一431,王秀珍,Mon 9:00 - 11:00
143,C++程序设计,2019计科嵌入式,体育楼209,刘玉喜,Tes 13:00 - 15:00
144,数据库设计与应用,2019计科嵌入式,崇师B616,林琳,Fri 9:00 - 11:00
145,计算机网络,2019计科嵌入式,体育楼307,季伟东,Wed 11:00 - 13:00
146,单片机原理与应用,2019计科嵌入式,崇师B616,穆全起,Mon 13:00 - 15:00
147,SSH开发技术,2019计科软件方向,理工一123,李红宇,Mon 13:00 - 15:00
148,编译原理,2019计科软件方向,理工一429,朱晓,Fri 9:00 - 11:00
149,数据库设计与应用,2019计科软件方向,崇师C101,张广玲,Thu 13:00 - 15:00
150,UML统一建模,2019计科软件方向,理工一523,刘月兰,Thu 15:00 - 17:00
151,操作系统,2019计科软件方向,崇师C102,于丹,Mon 11:00 - 13:00
152,SSH开发技术,2019计科软件方向,崇师C102,李红宇,Tes 13:00 - 15:00
153,计算机网络1-8编译原理9-16,2019计科软件方向,崇师C103,朱晓,Tes 15:00 - 17:00
154,UML统一建模,2019计科软件方向,理工一519,刘月兰,Mon 9:00 - 11:00
155,操作系统1-8&&数据库设计与应用,2019计科软件方向,理工一123,于丹,Tes 11:00 - 13:00
156,单片机原理与应用,2019计科软件方向,理工一117,穆全起,Mon 15:00 - 17:00
157,计算机网络,2019计科软件方向,崇师C102,王秀珍,Thu 9:00 - 11:00
158,操作系统,2019软件工程架构方向,体育楼211,伦立军,Mon 9:00 - 11:00
159,UML统一建模,2019软件工程架构方向,理工一117,马宁,Tes 15:00 - 17:00
160,软件测试与质量保证,2019软件工程架构方向,理工一126,边奕心,Wed 9:00 - 11:00
161,移动终端应用开发基础,2019软件工程架构方向,崇师C103,李志聪,Mon 13:00 - 15:00
162,软件需求分析,2019软件工程架构方向,理工一519,丁云鸿,Wed 11:00 - 13:00
163,软件测试与质量保证,2019软件工程架构方向,体育楼209,边奕心,Mon 11:00 - 13:00
164,操作系统,2019软件工程架构方向,体育楼209,伦立军,Thu 11:00 - 13:00
165,个人级软件开发,2019软件工程架构方向,理工一411,付伟,Fri 13:00 - 15:00
166,计算机组成原理1-8个人级软件开发9-16,2019软件工程架构方向,体育楼209,李晶,Thu 9:00 - 11:00
167,个人级软件开发,2019软件工程架构方向,理工一519,于晓东,Tes 9:00 - 11:00
168,个人级软件开发,2019软件工程架构方向,体育楼307,房益龙,Fri 9:00 - 11:00
169,UML统一建模,2019软件工程互联方向,崇师C102,马宁,Fri 9:00 - 11:00
170,操作系统,2019软件工程互联方向,体育楼305,伦立军,Tes 13:00 - 15:00
171,计算机组成原理,2019软件工程互联方向,崇师C306,李晶,Mon 15:00 - 17:00
172,移动终端应用开发基础,2019软件工程互联方向,理工一521,李志聪,Thu 9:00 - 11:00
173,软件测试与质量保证,2019软件工程互联方向,体育楼307,边奕心,Mon 13:00 - 15:00
174,软件测试与质量保证,2019软件工程互联方向,理工一431,边奕心,Thu 15:00 - 17:00
175,软件需求分析,2019软件工程互联方向,崇师C102,丁云鸿,Thu 11:00 - 13:00
176,个人级软件开发,2019软件工程互联方向,理工一411,林琳,Fri 15:00 - 17:00
177,个人级软件开发,2019软件工程互联方向,崇师C105,林琳,Tes 15:00 - 17:00
178,个人级软件开发,2019软件工程互联方向,理工一523,石哗琼,Mon 9:00 - 11:00
179,计算机组成原理1-8个人级软件开发9-16,2019软件工程互联方向,体育楼309,石哗琼,Mon 11:00 - 13:00
180,计算机图形学,2019数媒,崇师C101,崔艳玲,Tes 11:00 - 13:00
181,Unity3D,2019数媒,理工一123,韩贤东,Thu 15:00 - 17:00
182,游戏引擎原理与实现,2019数媒,理工一521,张明宇,Mon 9:00 - 11:00
183,ANDROID平台程序设计,2019数媒,崇师C101,赵丽,Thu 9:00 - 11:00
184,游戏引擎原理与实现,2019数媒,崇师C104,张明宇,Tes 9:00 - 11:00
185,ANDROID平台程序设计1-8游戏职业与素质拓展9-16,2019数媒,理工一121,崔艳玲,Mon 11:00 - 13:00
186,计算机网络,2019数媒,理工一119,韩贤东,Wed 11:00 - 13:00
187,计算机网络(单)计算机图形学(双),2019数媒,理工一431,韩贤东,Wed 9:00 - 11:00
188,游戏引擎原理与实现,2019数媒,理工一123,张明宇,Mon 15:00 - 17:00
189,游戏场景设计,2019数媒,理工一519,邸佳奇,Mon 13:00 - 15:00
190,游戏英语,2019数媒,体育楼307,段喜梅,Thu 11:00 - 13:00
191,数据处理与智能决策,2019物联网工程,体育楼209,郑岩,Tes 15:00 - 17:00
192,物联网通信技术,2019物联网工程,崇师C101,杜军,Fri 11:00 - 13:00
193,物联网通信课程设计,2019物联网工程,体育楼209,杜军,Wed 9:00 - 11:00
194,物联网通信课程设计,2019物联网工程,崇师C102,杜军,Thu 13:00 - 15:00
195,数据处理与智能决策,2019物联网工程,体育楼209,郑岩,Wed 11:00 - 13:00
196,物联网通信技术,2019物联网工程,理工一523,杜军,Mon 11:00 - 13:00
197,物联网通信课程设计,2019物联网工程,崇师D502,杜军,Thu 15:00 - 17:00
198,物联网通信课程设计,2019物联网工程,崇师C105,杜军,Thu 9:00 - 11:00
199,计算机网络,2019物联网工程,体育楼209,李世明,Mon 9:00 - 11:00
200,Linux高级服务应用,2019物联网工程,理工一429,赵国生,Fri 13:00 - 15:00
201,计算机网络,2019物联网工程,理工一429,李世明,Mon 13:00 - 15:00
202,云计算技术1-8Linux程序设计9-16,2019物联网工程,理工一133,姜春茂,Mon 15:00 - 17:00
203,云计算技术1-8Linux程序设计9-16,2019物联网工程,理工一519,姜春茂,Thu 11:00 - 13:00
204,密码学基础,2019物联网工程,体育楼307,赵国生,Tes 11:00 - 13:00
205,数据挖掘,2019大数据1班,体育楼307,邵晶波,Fri 13:00 - 15:00
206,软件工程,2019大数据1班,崇师C102,邵晶波,Mon 13:00 - 15:00
207,数据采集,2019大数据1班,崇师D502,杨建柏,Wed 9:00 - 11:00
208,数据采集(实),2019大数据1班,崇师C101,杨建柏,Thu 11:00 - 13:00
209,数据挖掘,2019大数据1班,崇师B415,邵晶波,Thu 15:00 - 17:00
210,软件工程,2019大数据1班,体育楼305,邵晶波,Mon 15:00 - 17:00
211,计算机网络,2019大数据1班,理工一121,马宁,Thu 9:00 - 11:00
212,Spark大数据快速运算,2019大数据1班,理工一429,张修茂,Tes 15:00 - 17:00
213,Spark大数据快速运算,2019大数据1班,理工一519,张修茂,Fri 9:00 - 11:00
214,计算机网络,2019大数据1班,理工一117,马宁,Mon 9:00 - 11:00
215,数据清洗,2019大数据1班,理工一123,杨建柏,Wed 11:00 - 13:00
216,数据清洗(实),2019大数据1班,理工一431,杨建柏,Fri 15:00 - 17:00
